Date,Users,Pageviews
2017-01-01,209098,496943
2017-01-02,324469,851837
2017-01-03,389198,914950
2017-01-04,365383,865846
2017-01-05,360486,857553
2017-01-06,365578,846064
2017-01-07,320421,669778
2017-01-08,301345,608320
2017-01-09,370107,855349
2017-01-10,350713,834293
2017-01-11,339869,799849
2017-01-12,364906,811993
2017-01-13,346619,743648
2017-01-14,304720,607983
2017-01-15,297757,585112
2017-01-16,411462,885504
2017-01-17,388313,900972
2017-01-18,384738,893348
2017-01-19,369789,886347
2017-01-20,374956,899672
2017-01-21,316865,701095
2017-01-22,291320,626948
2017-01-23,432863,1120359
2017-01-24,375296,909789
2017-01-25,373858,863135
2017-01-26,352519,716058
2017-01-27,366250,837969
2017-01-28,326420,673684
2017-01-29,343603,688666
2017-01-30,401459,909233
2017-01-31,403338,933421
2017-02-01,693127,1495711
2017-02-02,573143,1106158
2017-02-03,391718,839347
2017-02-04,331403,680009
2017-02-05,341172,700544
2017-02-06,409390,957983
2017-02-07,442325,1033959
2017-02-08,485346,1253773
2017-02-09,434031,1128766
2017-02-10,418335,1054977
2017-02-11,356083,831289
2017-02-12,340426,781210
2017-02-13,412270,1041352
2017-02-14,465055,1435321
2017-02-15,439228,1184004
2017-02-16,402603,1040553
2017-02-17,364421,898747
2017-02-18,342952,884485
2017-02-19,308438,684210
2017-02-20,374512,946439
2017-02-21,364589,914724
2017-02-22,361373,879561
2017-02-23,361269,871879
2017-02-24,366690,839840
2017-02-25,310155,666059
2017-02-26,314463,647177
2017-02-27,380020,890179
2017-02-28,364393,872476
2017-03-01,345961,847001
2017-03-02,341881,821538
2017-03-03,329504,787202
2017-03-04,302909,640681
2017-03-05,321019,645879
2017-03-06,373091,843482
2017-03-07,376962,846651
2017-03-08,382137,845710
2017-03-09,380753,859781
2017-03-10,367104,845435
2017-03-11,462828,1047685
2017-03-12,322989,708264
2017-03-13,351071,803342
2017-03-14,386528,904064
2017-03-15,375843,864573
2017-03-16,359506,824110
2017-03-17,347240,776743
2017-03-18,339314,721348
2017-03-19,350916,700932
2017-03-20,396721,886903
2017-03-21,374314,875543
2017-03-22,373771,871313
2017-03-23,373980,847061
2017-03-24,360097,800694
2017-03-25,312908,639622
2017-03-26,280230,565537
2017-03-27,329332,765743
2017-03-28,337722,795643
2017-03-29,329915,735584
2017-03-30,366634,801011
2017-03-31,364706,768956
2017-04-01,312008,638146
2017-04-02,306815,626969
2017-04-03,373268,845528
2017-04-04,367316,812258
2017-04-05,358112,783484
2017-04-06,352354,776911
2017-04-07,364112,806424
2017-04-08,300882,608719
2017-04-09,292064,586767
2017-04-10,353355,812533
2017-04-11,377152,811051
2017-04-12,325868,744776
2017-04-13,334971,746706
2017-04-14,316867,650430
2017-04-15,302618,597817
2017-04-16,298118,582638
2017-04-17,390897,812213
2017-04-18,365021,831175
2017-04-19,354695,828881
2017-04-20,340476,777632
2017-04-21,338553,751024
2017-04-22,295772,598134
2017-04-23,292277,571441
2017-04-24,378237,798063
2017-04-25,348021,768049
2017-04-26,337535,796905
2017-04-27,313924,743395
2017-04-28,325555,702494
2017-04-29,278619,552514
2017-04-30,273415,531867
2017-05-01,309412,638236
2017-05-02,332179,749224
2017-05-03,316210,720827
2017-05-04,338930,760262
2017-05-05,327614,715615
2017-05-06,279144,574995
2017-05-07,271883,541707
2017-05-08,329255,752556
2017-05-09,371100,806591
2017-05-10,351052,763756
2017-05-11,368404,779490
2017-05-12,363815,778575
2017-05-13,312048,606838
2017-05-14,312677,596381
2017-05-15,383924,819121
2017-05-16,354920,769028
2017-05-17,335153,724023
2017-05-18,356048,788216
2017-05-19,356859,755916
2017-05-20,342332,666825
2017-05-21,294428,574584
2017-05-22,364803,782604
2017-05-23,350076,772658
2017-05-24,354137,759860
2017-05-25,335423,736224
2017-05-26,338059,719288
2017-05-27,309092,609512
2017-05-28,308323,580544
2017-05-29,369609,789425
2017-05-30,383744,798049
2017-05-31,417835,833094
2017-06-01,424884,908852
2017-06-02,375623,786515
2017-06-03,333340,649806
2017-06-04,294496,561393
2017-06-05,376022,825909
2017-06-06,370139,802518
2017-06-07,347785,781166
2017-06-08,345346,742414
2017-06-09,361733,767101
2017-06-10,306905,601331
2017-06-11,329903,622845
2017-06-12,403530,839021
2017-06-13,350735,754728
2017-06-14,343319,734221
2017-06-15,406453,840967
2017-06-16,346527,730004
2017-06-17,322267,620280
2017-06-18,306432,569942
2017-06-19,411028,870898
2017-06-20,373612,800629
2017-06-21,358316,777102
2017-06-22,349642,770564
2017-06-23,383223,796279
2017-06-24,339790,643466
2017-06-25,326766,600645
2017-06-26,353762,708753
2017-06-27,398656,879669
2017-06-28,400770,1052088
2017-06-29,405391,999698
2017-06-30,412357,863990
2017-07-01,403908,763890
2017-07-02,363682,675933
2017-07-03,420983,875496
2017-07-04,394373,837228
2017-07-05,389115,848912
2017-07-06,401033,858328
2017-07-07,417346,841644
2017-07-08,349482,680796
2017-07-09,317909,602777
2017-07-10,426863,893072
2017-07-11,395647,921248
2017-07-12,382708,930381
2017-07-13,389268,1001896
2017-07-14,386521,919885
2017-07-15,371120,685640
2017-07-16,347599,643135
2017-07-17,424605,882710
2017-07-18,394093,865085
2017-07-19,400999,860067
2017-07-20,427522,892694
2017-07-21,408843,839971
2017-07-22,381732,708404
2017-07-23,347025,643191
2017-07-24,415900,863724
2017-07-25,418568,863441
2017-07-26,413647,846837
2017-07-27,439618,919488
2017-07-28,396966,830148
2017-07-29,333238,648721
2017-07-30,340191,632682
2017-07-31,394251,832574
2017-08-01,366034,802337
2017-08-02,359360,781146
2017-08-03,356158,767336
2017-08-04,368242,764678
2017-08-05,324615,623249
2017-08-06,293724,558910
2017-08-07,371437,761889
2017-08-08,373127,813935
2017-08-09,372174,802421
2017-08-10,358086,768541
2017-08-11,362929,755930
2017-08-12,346878,649591
2017-08-13,336119,619483
2017-08-14,377454,782084
2017-08-15,344958,667974
2017-08-16,394555,841431
2017-08-17,380351,804737
2017-08-18,370084,803512
2017-08-19,341632,673758
2017-08-20,329279,634277
2017-08-21,402359,854268
2017-08-22,392773,873176
2017-08-23,415522,866636
2017-08-24,436796,873191
2017-08-25,378781,771439
2017-08-26,366131,707793
2017-08-27,361255,663847
2017-08-28,434395,936902
2017-08-29,431464,918422
2017-08-30,411500,859707
2017-08-31,402176,816384
2017-09-01,408546,810056
2017-09-02,375841,689996
2017-09-03,399772,687371
2017-09-04,411786,819805
2017-09-05,405399,823942
2017-09-06,427893,881308
2017-09-07,470703,931432
2017-09-08,384209,789272
2017-09-09,360507,669903
2017-09-10,370988,669918
2017-09-11,385740,807847
2017-09-12,379566,813204
2017-09-13,367263,773385
2017-09-14,447780,869712
2017-09-15,355422,758070
2017-09-16,312149,608174
2017-09-17,318305,593047
2017-09-18,389364,829559
2017-09-19,399572,825404
2017-09-20,410571,827956
2017-09-21,396589,784164
2017-09-22,401834,791412
2017-09-23,409150,717802
2017-09-24,389831,672133
2017-09-25,438666,869027
2017-09-26,450443,891596
2017-09-27,496712,919600
2017-09-28,433311,812193
2017-09-29,401396,726502
2017-09-30,432025,720239
2017-10-01,496379,813277
2017-10-02,450279,810150
2017-10-03,496227,966027
2017-10-04,467364,902345
2017-10-05,500830,929967
2017-10-06,492406,919709
2017-10-07,449596,802078
2017-10-08,448948,784421
2017-10-09,514693,987758
2017-10-10,622346,1093873
2017-10-11,572843,1015328
2017-10-12,530673,989252
2017-10-13,465638,859787
2017-10-14,392906,694677
2017-10-15,418114,724124
2017-10-16,483135,896135
2017-10-17,441524,799072
2017-10-18,389391,715245
2017-10-19,536420,841411
2017-10-20,479478,819949
2017-10-21,429262,728228
2017-10-22,416602,690716
2017-10-23,497504,903553
2017-10-24,502607,936223
2017-10-25,531016,959235
2017-10-26,527090,963655
2017-10-27,444456,834274
2017-10-28,411209,720863
2017-10-29,429856,731513
2017-10-30,539162,995033
2017-10-31,555274,1019741
2017-11-01,505992,906801
2017-11-02,476604,904372
2017-11-03,480468,915855
2017-11-04,408350,724894
2017-11-05,448279,762784
2017-11-06,484132,918812
2017-11-07,495793,933797
2017-11-08,515763,940035
2017-11-09,496433,936085
2017-11-10,429326,814003
2017-11-11,432915,732304
2017-11-12,400157,686807
2017-11-13,474623,900315
2017-11-14,439562,844192
2017-11-15,479408,895871
2017-11-16,474946,879204
2017-11-17,499861,908239
2017-11-18,469738,804246
2017-11-19,454814,768678
2017-11-20,511230,952638
2017-11-21,493143,919550
2017-11-22,611405,1049916
2017-11-23,445753,840679
2017-11-24,459421,829680
2017-11-25,460102,768154
2017-11-26,443944,726033
2017-11-27,543412,994205
2017-11-28,526192,973797
2017-11-29,507459,934088
2017-11-30,560815,1001564
2017-12-01,540124,947800
2017-12-02,439152,755152
2017-12-03,440312,736276
2017-12-04,544130,971451
2017-12-05,559957,1022630
2017-12-06,520869,962318
2017-12-07,536304,975093
2017-12-08,525530,927570
2017-12-09,562182,900834
2017-12-10,430957,726225
2017-12-11,533281,975068
2017-12-12,545305,1013350
2017-12-13,510673,945091
2017-12-14,509268,937610
2017-12-15,491694,894535
2017-12-16,429148,725166
2017-12-17,418408,675721
2017-12-18,791226,1460907
2017-12-19,470679,911216
2017-12-20,557266,988370
2017-12-21,489622,911714
2017-12-22,539282,917531
2017-12-23,428438,730894
2017-12-24,414505,703520
2017-12-25,380867,668918
2017-12-26,466701,849458
2017-12-27,445521,823215
2017-12-28,430057,801044
2017-12-29,478329,853976
2017-12-30,471178,765015
2017-12-31,349969,601402
2018-01-01,363381,670082
2018-01-02,550717,1009107
2018-01-03,586087,1060464
2018-01-04,586759,1027662
2018-01-05,507133,912128
2018-01-06,456131,788393
2018-01-07,452271,746785
2018-01-08,577165,1022586
2018-01-09,521414,954585
2018-01-10,479556,903554
2018-01-11,488862,910492
2018-01-12,466571,883884
2018-01-13,432785,742337
2018-01-14,396954,663877
2018-01-15,459905,845328
2018-01-16,543087,999816
2018-01-17,454405,877795
2018-01-18,505253,916382
2018-01-19,467442,865369
2018-01-20,432247,760712
2018-01-21,426099,730399
2018-01-22,521965,956805
2018-01-23,513050,957338
2018-01-24,549328,989485
2018-01-25,499158,900591
2018-01-26,462918,776859
2018-01-27,476345,821780
2018-01-28,485291,809899
2018-01-29,532719,982848
2018-01-30,554166,999043
2018-01-31,564224,1026304
2018-02-01,701026,1243147
2018-02-02,535881,961964
2018-02-03,516472,858914
2018-02-04,525892,837517
2018-02-05,522474,954663
2018-02-06,504216,942828
2018-02-07,518148,952629
2018-02-08,482740,900108
2018-02-09,487160,1142311
2018-02-10,463127,1210453
2018-02-11,432732,1124306
2018-02-12,489777,1509921
2018-02-13,449935,1423486
2018-02-14,455127,1418631
2018-02-15,566426,1626251
2018-02-16,580940,1668836
2018-02-17,488223,1275279
2018-02-18,455623,1154166
2018-02-19,497455,1333540
2018-02-20,485876,918831
2018-02-21,511497,932663
2018-02-22,445616,861419
2018-02-23,404570,765713
2018-02-24,353103,634796
2018-02-25,481526,804991
2018-02-26,535107,989384
2018-02-27,443416,866708
2018-02-28,483732,911168
2018-03-01,483061,861970
2018-03-02,423819,726995
2018-03-03,409995,731895
2018-03-04,391720,667902
2018-03-05,436522,815244
2018-03-06,450860,1000851
2018-03-07,478449,1458037
2018-03-08,424426,1352296
2018-03-09,443383,1357253
2018-03-10,394062,1102525
2018-03-11,420870,1086653
2018-03-12,514743,1570465
2018-03-13,532334,1240435
2018-03-14,503175,953526
2018-03-15,466983,869639
2018-03-16,458413,840305
2018-03-17,402137,691145
2018-03-18,387960,655575
2018-03-19,501266,926508
2018-03-20,485740,910891
2018-03-21,454580,844329
2018-03-22,447110,839866
2018-03-23,426225,788666
2018-03-24,399626,690986
2018-03-25,370084,617368
2018-03-26,474584,863028
2018-03-27,418049,787211
2018-03-28,429903,793304
2018-03-29,434620,788539
2018-03-30,416400,745084
2018-03-31,438149,708415
2018-04-01,476368,745814
2018-04-02,503718,916460
2018-04-03,470905,875754
2018-04-04,451061,842757
2018-04-05,516585,964648
2018-04-06,443801,837825
2018-04-07,441709,742971
2018-04-08,518144,839442
2018-04-09,566770,1005155
2018-04-10,509235,928805
2018-04-11,530599,930059
2018-04-12,501855,920982
2018-04-13,586739,1007755
2018-04-14,479552,785719
2018-04-15,469368,752145
2018-04-16,493617,929597
2018-04-17,454469,868281
2018-04-18,388903,763078
2018-04-19,371050,735945
2018-04-20,410892,758165
2018-04-21,378835,650586
2018-04-22,372118,620791
2018-04-23,405222,782877
2018-04-24,407134,770153
2018-04-25,405079,771253
2018-04-26,395035,742092
2018-04-27,426578,758778
2018-04-28,366003,632223
2018-04-29,376059,622406
2018-04-30,403613,740181
2018-05-01,360789,664814
2018-05-02,390837,745819
2018-05-03,436492,794580
2018-05-04,414786,753205
2018-05-05,341715,601464
2018-05-06,346063,580835
2018-05-07,428709,778012
2018-05-08,416416,764732
2018-05-09,376133,719283
2018-05-10,364054,702023
2018-05-11,483440,837325
2018-05-12,609378,938865
2018-05-13,423194,676243
2018-05-14,485964,867055
2018-05-15,1359408,2442877
2018-05-16,569795,1076086
2018-05-17,488848,978817
2018-05-18,420056,838501
2018-05-19,429522,798618
2018-05-20,352140,628247
2018-05-21,428093,832234
2018-05-22,400480,813632
2018-05-23,422482,832049
2018-05-24,430147,843853
2018-05-25,407494,805262
2018-05-26,391717,683045
2018-05-27,343159,594147
2018-05-28,434589,817888
2018-05-29,413283,804816
2018-05-30,406126,794767
2018-05-31,407428,784562
2018-06-01,364934,724495
2018-06-02,354493,638402
2018-06-03,321787,572851
2018-06-04,383326,767427
2018-06-05,411223,803141
2018-06-06,374508,761646
2018-06-07,423699,825359
2018-06-08,377710,756615
2018-06-09,320535,597815
2018-06-10,317461,585982
2018-06-11,375611,773840
2018-06-12,371791,763948
2018-06-13,372682,780497
2018-06-14,382172,755673
2018-06-15,349652,677160
2018-06-16,298343,557351
2018-06-17,284469,537043
2018-06-18,358471,745951
2018-06-19,365618,757583
2018-06-20,354666,742781
2018-06-21,343916,712929
2018-06-22,336365,690265
2018-06-23,302636,570756
2018-06-24,311282,565563
2018-06-25,366455,738896
2018-06-26,354597,743121
2018-06-27,347675,721766
2018-06-28,361611,733473
2018-06-29,404924,769403
2018-06-30,334213,608031
2018-07-01,318069,578200
2018-07-02,383901,771160
2018-07-03,381549,763298
2018-07-04,381414,759174
2018-07-05,364019,745314
2018-07-06,379704,754587
2018-07-07,329286,618311
2018-07-08,305079,566982
2018-07-09,383740,804566
2018-07-10,411859,827318
2018-07-11,392748,792503
2018-07-12,374904,769264
2018-07-13,367391,746441
2018-07-14,338755,612626
2018-07-15,375710,642892
2018-07-16,418243,842791
2018-07-17,424471,839760
2018-07-18,395072,823661
2018-07-19,395412,815373
2018-07-20,398033,832906
2018-07-21,366412,696037
2018-07-22,338456,622657
2018-07-23,387905,801632
2018-07-24,419882,841329
2018-07-25,418019,833812
2018-07-26,421947,841253
2018-07-27,451164,864960
2018-07-28,394979,718572
2018-07-29,395578,722737
2018-07-30,458342,922052
2018-07-31,422866,825234
2018-08-01,408161,807468
2018-08-02,398801,798676
2018-08-03,406789,788168
2018-08-04,359096,662238
2018-08-05,359306,635618
2018-08-06,514319,992605
2018-08-07,629094,1264597
2018-08-08,612824,1191414
2018-08-09,511779,993617
2018-08-10,477612,907407
2018-08-11,412623,726508
2018-08-12,407522,699667
2018-08-13,473948,938672
2018-08-14,469342,906449
2018-08-15,486338,832429
2018-08-16,793975,1403746
2018-08-17,625857,1129990
2018-08-18,482401,838675
2018-08-19,455569,782775
2018-08-20,526251,985910
2018-08-21,442698,859858
2018-08-22,420647,807701
2018-08-23,435211,858814
2018-08-24,380583,760361
2018-08-25,314199,604577
2018-08-26,312607,564691
2018-08-27,398395,817678
2018-08-28,400921,835086
2018-08-29,402286,839001
2018-08-30,420242,849477
2018-08-31,402584,804517
2018-09-01,373985,700460
2018-09-02,351517,639859
2018-09-03,402319,807703
2018-09-04,412996,849745
2018-09-05,395026,815010
2018-09-06,479064,959598
2018-09-07,459564,897959
2018-09-08,399785,741412
2018-09-09,428976,768027
2018-09-10,476926,972053
2018-09-11,388549,827194
2018-09-12,360187,783988
2018-09-13,351130,702890
2018-09-14,369359,742094
2018-09-15,353913,672962
2018-09-16,346664,647156
2018-09-17,383479,808444
2018-09-18,379879,802164
2018-09-19,371069,772472
2018-09-20,380113,781703
2018-09-21,371407,737246
2018-09-22,359710,680002
2018-09-23,335382,624867
2018-09-24,415296,848068
2018-09-25,403957,821792
2018-09-26,402009,829245
2018-09-27,436992,871849
2018-09-28,411779,818226
2018-09-29,377423,700886
2018-09-30,359603,641997
2018-10-01,426948,830955
2018-10-02,399773,740499
2018-10-03,407954,816009
2018-10-04,366321,767703
2018-10-05,340934,714880
2018-10-06,280591,549122
2018-10-07,286785,547002
2018-10-08,319506,682788
2018-10-09,284597,649546
2018-10-10,285940,629794
2018-10-11,296897,653563
2018-10-12,294720,631329
2018-10-13,255395,503006
2018-10-14,255095,495450
2018-10-15,295949,641096
2018-10-16,289111,631660
2018-10-17,268040,602642
2018-10-18,237572,516249
2018-10-19,238502,487891
2018-10-20,264421,526875
2018-10-21,254336,502002
2018-10-22,286122,648714
2018-10-23,291635,654047
2018-10-24,293875,633901
2018-10-25,281992,630249
2018-10-26,272625,596042
2018-10-27,252408,504032
2018-10-28,235914,479486
2018-10-29,298326,685930
2018-10-30,292677,704012
2018-10-31,299281,684848
2018-11-01,276622,632963
2018-11-02,273084,604499
2018-11-03,232015,477649
2018-11-04,219917,443058
2018-11-05,251190,545908
2018-11-06,230723,497015
2018-11-07,206744,428005
2018-11-08,249422,548473
2018-11-09,244253,533454
2018-11-10,234341,473185
2018-11-11,247862,481888
2018-11-12,294451,651984
2018-11-13,268997,620597
2018-11-14,312875,660116
2018-11-15,188336,492540
2018-11-16,285053,650367
2018-11-17,258164,550410
2018-11-18,248021,506658
2018-11-19,287582,635757
2018-11-20,274450,617756
2018-11-21,261663,574862
2018-11-22,276547,596359
2018-11-23,250114,533330
2018-11-24,240637,484514
2018-11-25,268067,516018
2018-11-26,319492,693351
2018-11-27,275320,636150
2018-11-28,277133,619379
2018-11-29,279427,615528
2018-11-30,264584,579788
2018-12-01,232782,474899
2018-12-02,232489,449735
2018-12-03,274826,608749
2018-12-04,263136,580763
2018-12-05,281989,614773
2018-12-06,295761,613945
2018-12-07,304678,608237
2018-12-08,239633,463203
2018-12-09,239838,454875
2018-12-10,299186,637126
2018-12-11,402068,942058
2018-12-12,289806,725326
2018-12-13,282726,632414
2018-12-14,270710,585781
2018-12-15,232336,479519
2018-12-16,234431,460884
2018-12-17,279219,607950
2018-12-18,262387,575283
2018-12-19,253369,561151
2018-12-20,266665,568441
2018-12-21,269417,563773
2018-12-22,236174,461645
2018-12-23,209048,410735
2018-12-24,230434,505877
2018-12-25,200564,438090
2018-12-26,231075,520507
2018-12-27,229495,524029
2018-12-28,237565,515590
2018-12-29,223390,464185
2018-12-30,229493,448973
2018-12-31,211867,469721
2019-01-01,190384,429716
2019-01-02,248841,572815
2019-01-03,254254,583251
2019-01-04,232599,547332
2019-01-05,232143,476296
2019-01-06,239361,462143
2019-01-07,276234,618571
2019-01-08,263256,607601
2019-01-09,276053,610448
2019-01-10,294260,632182
2019-01-11,263024,568959
2019-01-12,223251,455314
2019-01-13,200294,401107
2019-01-14,231132,512900
2019-01-15,209982,460201
2019-01-16,219787,503281
2019-01-17,227215,527263
2019-01-18,319476,620634
2019-01-19,219369,449287
2019-01-20,215426,422261
2019-01-21,267757,578375
2019-01-22,246135,544876
2019-01-23,235854,525808
2019-01-24,236751,535067
2019-01-25,207914,487802
2019-01-26,207884,407763
2019-01-27,204361,428473
2019-01-28,233416,561090
2019-01-29,269392,623186
2019-01-30,310841,676155
2019-01-31,278795,619477
2019-02-01,400848,803683
2019-02-02,238185,508058
2019-02-03,230977,451160
2019-02-04,273127,641950
2019-02-05,265740,607802
2019-02-06,248040,556492
2019-02-07,260429,571107
2019-02-08,294361,624358
2019-02-09,229986,460527
2019-02-10,253812,459265
2019-02-11,334773,659807
2019-02-12,280456,606024
2019-02-13,303281,625403
2019-02-14,276944,586584
2019-02-15,306687,686404
2019-02-16,319307,623554
2019-02-17,301553,554489
2019-02-18,360136,737174
2019-02-19,326974,675695
2019-02-20,311129,651324
2019-02-21,270153,592636
2019-02-22,276786,595394
2019-02-23,282771,524813
2019-02-24,260491,484737
2019-02-25,285618,606692
2019-02-26,366041,971197
2019-02-27,462389,1257396
2019-02-28,406051,972304
2019-03-01,383473,893811
2019-03-02,263435,580222
2019-03-03,273539,544541
2019-03-04,329587,664084
2019-03-05,348063,699371
2019-03-06,336769,713328
2019-03-07,296442,655875
2019-03-08,301761,612496
2019-03-09,267168,512405
2019-03-10,329101,570720
2019-03-11,348733,667379
2019-03-12,311732,629961
2019-03-13,399072,731714
2019-03-14,444485,821294
2019-03-15,508536,882833
2019-03-16,437528,735474
2019-03-17,622589,946358
2019-03-18,570971,988305
2019-03-19,583827,995623
2019-03-20,484859,852076
2019-03-21,432863,740862
2019-03-22,499456,886503
2019-03-23,535124,867427
2019-03-24,454362,719560
2019-03-25,477783,847463
2019-03-26,495350,865394
2019-03-27,422838,798467
2019-03-28,422607,769188
2019-03-29,497050,847401
2019-03-30,452078,725899
2019-03-31,421040,671020
2019-04-01,450804,794927
2019-04-02,447409,793792
2019-04-03,536021,903776
2019-04-04,523084,888506
2019-04-05,461139,806581
2019-04-06,420779,693458
2019-04-07,494876,795699
2019-04-08,518055,911491
2019-04-09,550306,960374
2019-04-10,571526,972587
2019-04-11,719711,1188875
2019-04-12,554771,930239
2019-04-13,454828,745821
2019-04-14,578764,884108
2019-04-15,507302,906579
2019-04-16,441334,805979
2019-04-17,500144,858322
2019-04-18,656680,1080747
2019-04-19,569860,932318
2019-04-20,498256,799229
2019-04-21,598109,945650
2019-04-22,611018,1042960
2019-04-23,672081,1122622
2019-04-24,457760,846350
2019-04-25,536145,922489
2019-04-26,500870,851002
2019-04-27,426523,709062
2019-04-28,436385,708970
2019-04-29,570165,951452
2019-04-30,584544,971015
2019-05-01,478023,810899
2019-05-02,615256,1020654
2019-05-03,775041,1186058
2019-05-04,477585,760888
2019-05-05,494948,765383
2019-05-06,615946,998933
2019-05-07,585359,1005402
2019-05-08,515161,927479
2019-05-09,595148,997004
2019-05-10,504944,853730
2019-05-11,694648,1016953
2019-05-12,496470,758693
2019-05-13,558281,929409
2019-05-14,497444,857018
2019-05-15,438254,770705
2019-05-16,490566,829899
2019-05-17,524398,876249
2019-05-18,407012,695474
2019-05-19,720424,1056421
2019-05-20,623042,1044342
2019-05-21,551142,959937
2019-05-22,539512,938339
2019-05-23,3520653,5340356
2019-05-24,1461769,2266612
2019-05-25,819469,1232909
2019-05-26,715310,1103500
2019-05-27,708547,1164797
2019-05-28,614123,1048999
2019-05-29,642412,1059423
2019-05-30,657905,1072957
2019-05-31,1089298,1623848
2019-06-01,758498,1128645
2019-06-02,563213,860251
2019-06-03,535828,930525
2019-06-04,486275,852798
2019-06-05,483732,785640
2019-06-06,462668,812019
2019-06-07,447842,784745
2019-06-08,438953,704753
2019-06-09,699492,995864
2019-06-10,802148,1261103
2019-06-11,626685,1039745
2019-06-12,569281,941874
2019-06-13,511616,873721
2019-06-14,464788,802894
2019-06-15,481561,751653
2019-06-16,456038,698415
2019-06-17,569426,961054
2019-06-18,490162,862937
2019-06-19,522612,890558
2019-06-20,548219,927735
2019-06-21,586944,951742
2019-06-22,416529,679757
2019-06-23,602948,911976
2019-06-24,538543,925346
2019-06-25,489538,856580
2019-06-26,644528,1024232
2019-06-27,603962,984887
2019-06-28,528349,886381
2019-06-29,489158,772330
2019-06-30,498186,775962
2019-07-01,579451,982756
2019-07-02,622324,1002076
2019-07-03,563247,939754
2019-07-04,566895,950490
2019-07-05,668707,1130912
2019-07-06,544779,837473
2019-07-07,548539,846805
2019-07-08,668554,1102713
2019-07-09,574099,947573
2019-07-10,533874,889570
2019-07-11,535395,911919
2019-07-12,710931,1126528
2019-07-13,511252,804423
2019-07-14,482678,744744
2019-07-15,621947,1034110
2019-07-16,540127,913594
2019-07-17,632509,1030468
2019-07-18,661498,1072330
2019-07-19,538206,926800
2019-07-20,470318,757526
2019-07-21,504369,788088
2019-07-22,591241,1022367
2019-07-23,517693,929367
2019-07-24,607304,1001709
2019-07-25,664331,1080571
2019-07-26,601095,987311
2019-07-27,555606,861963
2019-07-28,535490,821242
2019-07-29,552485,941286
2019-07-30,691542,1136687
2019-07-31,684878,1111399
2019-08-01,606720,1011617
2019-08-02,580698,963067
2019-08-03,624543,963877
2019-08-04,791642,1183485
2019-08-05,1017466,1809276
2019-08-06,921286,1603905
2019-08-07,896106,1530950
2019-08-08,720651,1239816
2019-08-09,969058,1552674
2019-08-10,909468,1354280
2019-08-11,859714,1271782
2019-08-12,847169,1312362
2019-08-13,680226,1094610
2019-08-14,624534,1032625
2019-08-15,582351,910541
2019-08-16,660168,1079572
2019-08-17,746902,1130430
2019-08-18,681812,1044663
2019-08-19,784859,1267247
2019-08-20,587646,1008209
2019-08-21,691456,1194788
2019-08-22,790781,1293339
2019-08-23,631167,1075438
2019-08-24,677449,1056074
2019-08-25,824097,1207147
2019-08-26,668760,1129704
2019-08-27,489472,891971
2019-08-28,557445,969344
2019-08-29,534924,936293
2019-08-30,570779,963977
2019-08-31,594942,938923
2019-09-01,619172,944645
2019-09-02,553892,915854
2019-09-03,534770,942620
2019-09-04,561461,960739
2019-09-05,518909,903119
2019-09-06,617808,1041868
2019-09-07,686292,1103570
2019-09-08,723465,1098640
2019-09-09,566747,983310
2019-09-10,617102,1038725
2019-09-11,571787,978666
2019-09-12,584819,998948
2019-09-13,560877,943817
2019-09-14,489326,801280
2019-09-15,553716,858583
2019-09-16,602588,1033810
2019-09-17,556260,977560
2019-09-18,695357,1140601
2019-09-19,641676,1072780
2019-09-20,1281601,1816707
2019-09-21,838640,1211676
2019-09-22,802604,1149317
2019-09-23,762250,1232887
2019-09-24,653888,1099213
2019-09-25,705616,1163259
2019-09-26,654509,1085427
2019-09-27,868804,1335740
2019-09-28,533375,863254
2019-09-29,524316,814809
2019-09-30,532110,910840
2019-10-01,481991,826737
2019-10-02,406230,677502
2019-10-03,442446,780000
2019-10-04,420725,729343
2019-10-05,517987,805294
2019-10-06,647378,934295
2019-10-07,483467,773484
2019-10-08,355193,625606
2019-10-09,443080,786645
2019-10-10,525239,878468
2019-10-11,472304,805811
2019-10-12,402570,649878
2019-10-13,456526,711273
2019-10-14,706162,1096608
2019-10-15,532727,881021
2019-10-16,443119,778059
2019-10-17,429128,728482
2019-10-18,447090,744871
2019-10-19,488340,736859
2019-10-20,537632,780967
2019-10-21,491189,791063
2019-10-22,445220,754072
2019-10-23,413751,701052
2019-10-24,498439,822756
2019-10-25,489268,766682
2019-10-26,460735,678790
2019-10-27,406885,601196
2019-10-28,426582,681741
2019-10-29,597269,909754
2019-10-30,465254,750478
2019-10-31,444502,723140
2019-11-01,488644,752961
2019-11-02,468238,703250
2019-11-03,477259,714607
2019-11-04,483102,791150
2019-11-05,528020,836649
2019-11-06,485337,773380
2019-11-07,473041,748012
2019-11-08,440731,715732
2019-11-09,593746,985552
2019-11-10,449701,689475
2019-11-11,540265,894681
2019-11-12,473705,788913
2019-11-13,541440,856631
2019-11-14,556320,857206
2019-11-15,436286,709835
2019-11-16,430439,655216
2019-11-17,506596,748849
2019-11-18,448349,747143
2019-11-19,407005,685583
2019-11-20,374419,639747
2019-11-21,371069,629228
2019-11-22,493979,758912
2019-11-23,465188,727040
2019-11-24,641630,921556
2019-11-25,643657,980755
2019-11-26,475304,786178
2019-11-27,451052,738743
2019-11-28,441317,706630
2019-11-29,420532,673158
2019-11-30,511625,732595
2019-12-01,443418,646165
2019-12-02,618411,937384
2019-12-03,460751,732592
2019-12-04,573621,864708
2019-12-05,402678,660048
2019-12-06,817310,1205439
2019-12-07,411101,634517
2019-12-08,719062,986457
2019-12-09,508453,827644
2019-12-10,451872,738687
2019-12-11,444515,724703
2019-12-12,451021,723620
2019-12-13,441819,716131
2019-12-14,437371,656310
2019-12-15,407808,611735
2019-12-16,511819,833090
2019-12-17,620093,986116
2019-12-18,535691,830946
2019-12-19,617145,941799
2019-12-20,660876,997435
2019-12-21,489314,734713
2019-12-22,408154,616955
2019-12-23,506437,811872
2019-12-24,471024,740323
2019-12-25,724965,1000453
2019-12-26,682628,987302
2019-12-27,642243,932295
2019-12-28,558888,807006
2019-12-29,454271,655943
2019-12-30,491061,754702
2019-12-31,496038,745054
2020-01-01,457972,685032
2020-01-02,583644,885616
2020-01-03,661617,978654
2020-01-04,587119,853905
2020-01-05,563180,818557
2020-01-06,653770,1001884
2020-01-07,634689,965724
2020-01-08,617366,991716
2020-01-09,624768,969454
2020-01-10,565505,853915
2020-01-11,570410,820502
2020-01-12,607617,853719
2020-01-13,721656,1059476
2020-01-14,447712,706578
2020-01-15,400461,618176
2020-01-16,361692,607966
2020-01-17,353005,585275
2020-01-18,378667,585772
2020-01-19,404657,612424
2020-01-20,442802,719383
2020-01-21,434236,714518
2020-01-22,413377,685694
2020-01-23,385872,636510
2020-01-24,396655,634671
2020-01-25,419214,636313
2020-01-26,402560,600699
2020-01-27,459758,746798
2020-01-28,453313,725411
2020-01-29,468616,736612
2020-01-30,518590,814482
2020-01-31,520493,799433
2020-02-01,586155,904953
2020-02-02,455418,685292
2020-02-03,479025,771883
2020-02-04,455771,729902
2020-02-05,622538,914024
2020-02-06,470098,731950
